Id,InstructorId,SubjectId,Title,Language,ThumbnailUrl,Price,Rating,Duration,TotalEnrolled,DeductionAmount,LastUpdatedDate,UploadDate,Level,DeductionType,LearningObjectives,LecturesLinks,EnrolledStudentsIds,PictureUrl,Reviews
1,1,5,Python Programming Basics,English,https://dummyimage.com/42x317,977,1.8,30,154,5,2024-01-05,2024-01-25,Beginner,Percentage,"- Understand basic Python syntax and data types
- Create and manipulate variables, loops, and conditional statements in Python
- Write and execute Python functions
- Utilize Python libraries and modules for additional functionality
- Apply object-oriented programming concepts in Python
- Develop basic Python programs to solve real-world problems",http://www.wright.com/,"[44334, 9029, 53839, 80102, 91886, 26792, 66600, 55113, 12232, 38984, 14576, 8524, 83535, 69693, 51299, 33095, 46849, 44241, 13680, 94502, 20881, 19185, 79013, 8100]",https://placekitten.com/309/282,"[{'Rating': 3.1, 'Comment': 'Difference himself number point she. Visit imagine again appear take suggest many. Hard visit catch large certainly cover. Citizen so long base politics.'}, {'Rating': 1.4, 'Comment': 'Effort couple care help character.'}, {'Rating': 2.5, 'Comment': 'Can concern general prepare attention amount. Lawyer meet set child while worker approach decade.'}, {'Rating': 4.2, 'Comment': 'Idea baby happen choice matter including easy. Usually economic man real young. Mission teacher base maybe establish nothing which.'}, {'Rating': 4.2, 'Comment': 'Reality record smile avoid. Visit authority foot despite poor cost instead southern. Real painting activity source.'}, {'Rating': 3.7, 'Comment': 'Reality coach compare particularly keep doctor. Stock cause college many entire. Despite thus hundred area despite always degree.'}]"
2,1,5,Java Essentials,English,https://picsum.photos/455/89,395,4.6,29,777,5,2024-02-02,2024-03-18,Intermediate,Percentage,"By the end of the Java Essentials course, students will be able to:
- Understand the basic syntax of Java
- Implement control flow structures such as loops and conditionals
- Create and use classes and objects in Java programs
- Manipulate arrays and collections
- Use exception handling to write robust code
- Understand the principles of object-oriented programming in Java",http://dixon-gaines.net/,"[34207, 4932, 6965, 58231]",https://picsum.photos/805/532,"[{'Rating': 1.4, 'Comment': 'Assume about each good she after. Cause blue risk miss set happen bit. Civil approach camera. Current try individual late close.'}, {'Rating': 4.2, 'Comment': 'Identify dog amount rich there moment. Scene low fact skill collection vote role already. Course environment book live evening be.'}, {'Rating': 4.3, 'Comment': 'Road energy car beyond understand stop. By door each none. Able want school lead beat.'}, {'Rating': 4.7, 'Comment': 'Drop interview before mission heavy above even. Story foreign former today. Perhaps through add public he. Treatment fill TV task where once seat.'}, {'Rating': 4.6, 'Comment': 'Grow home computer policy cell writer trade. Present allow which five oil myself. Before again design book.'}, {'Rating': 4.5, 'Comment': 'Buy enough offer book plan. Travel campaign ask yet. Begin about necessary piece.'}]"
3,1,5,Object-Oriented Programming in Python,English,https://picsum.photos/892/187,910,2.0,3,611,7,2024-01-09,2024-02-08,Beginner,Percentage,"By the end of this course, students will be able to:
1. Understand the principles and concepts of object-oriented programming in Python.
2. Demonstrate proficiency in creating and using classes, objects, and methods in Python.
3. Apply inheritance and polymorphism to design and implement complex programs.
4. Utilize encapsulation and abstraction to create modular and maintainable code.
5. Implement object-oriented design patterns to solve real-world programming challenges.",https://george.org/,"[53248, 85831, 17601, 92584, 98657, 1221, 77835, 14467, 96571, 24321, 60836, 2753, 57750, 25404, 80600, 79486, 45190, 26455, 82292, 88333, 98225, 52137, 55773, 93803, 17243, 47329, 84514, 37413, 30562, 74983, 78306, 19702, 15702, 2005, 83382, 21574, 23958, 42966, 33617, 47972, 38906, 96883, 844, 58524, 77145, 32559, 30226, 94829, 76234]",https://dummyimage.com/769x237,"[{'Rating': 2.1, 'Comment': 'Look half magazine. Bar possible natural hospital capital nice right.'}, {'Rating': 2.1, 'Comment': 'Report former art assume. Him boy pick. Forward thing many nothing most information.'}, {'Rating': 2.4, 'Comment': 'Watch performance whom nor trial wish. Star anything national contain.'}]"
4,1,5,Functional Programming in Haskell,English,https://dummyimage.com/941x534,398,4.7,41,885,6,2024-04-05,2024-03-16,Beginner,Fixed,"Students will be able to:
- Understand the basic principles of functional programming
- Use Haskell to write functional programs
- Apply higher-order functions, pattern matching, and recursion in Haskell
- Create and manipulate data structures in a functional programming paradigm
- Implement solutions to programming problems using functional programming concepts",https://www.robertson.info/,"[97917, 46743, 6437, 32852, 96210, 63768, 9235, 44241, 86495, 80489, 5341, 93250, 31409, 82295, 58227, 99820, 15002, 67507, 49455, 74545, 87531, 1016, 43903, 17687, 90854, 69603, 88392, 45954, 9591, 91779, 85315, 70877, 77224, 737, 92704, 79605, 88249, 77493, 96850, 55003, 86793, 54104, 45784, 70029, 62060]",https://dummyimage.com/919x149,"[{'Rating': 4.6, 'Comment': 'Present reason happy heavy. Myself never investment outside player hair.'}]"
5,1,5,Web Scraping with Python,English,https://placekitten.com/380/794,594,3.6,44,839,8,2024-03-16,2024-01-10,Beginner,Percentage,"Students will be able to:
- Understand the basics of web scraping and its applications
- Use Python libraries such as BeautifulSoup and Requests to scrape data from websites
- Extract specific information from web pages using CSS selectors and Xpath
- Handle different types of data such as text, images, and tables
- Learn best practices for ethical web scraping and avoiding legal issues",https://www.pierce.org/,"[49233, 73494, 47741, 39573, 852, 52913, 4384, 84979, 34315, 2899, 62277, 96006, 89095, 92822, 86578, 64529, 36915, 97820, 69622]",https://picsum.photos/371/930,"[{'Rating': 4.0, 'Comment': 'Anyone beat like. Describe within meeting late right former.'}, {'Rating': 2.2, 'Comment': 'Space finally month small my. Exist democratic example sell account. Remain science ready miss.'}, {'Rating': 5.0, 'Comment': 'Key detail more stop. Actually important Congress look. Ball interest after reveal item.'}, {'Rating': 3.8, 'Comment': 'Occur idea right morning main service clear. Send do ground society.'}, {'Rating': 3.4, 'Comment': 'Part move before career. Agree soon goal maybe serious. Wife news expect building be.'}]"
6,1,5,Database Management with SQL,English,https://dummyimage.com/263x500,95,2.1,70,627,3,2024-03-13,2024-01-25,Beginner,Fixed,"By the end of the course, students will be able to:
1. Understand the fundamentals of relational databases.
2. Design and implement a database schema using SQL.
3. Write complex SQL queries to retrieve and manipulate data.
4. Optimize database performance through indexing and normalization.
5. Apply security principles to protect database integrity.
6. Troubleshoot common database management issues.",http://www.snyder.net/,"[36771, 99897, 60943, 23836, 65009, 16078, 58588, 81772, 49590, 86675, 65655, 78076, 2485, 64367, 93748, 89268, 22157, 15531, 81393, 29278, 29232, 39276, 3142, 35047, 63972, 7014, 33589, 82382, 66094, 15629, 59294, 24990, 54013]",https://dummyimage.com/131x178,"[{'Rating': 1.6, 'Comment': 'Great per may past. Evidence education dark identify.'}, {'Rating': 3.9, 'Comment': 'Attention walk say ago executive back. Blood leader skin international song rather. Admit walk next.'}]"
7,1,5,Introduction to Rust Programming,English,https://picsum.photos/1001/522,403,2.1,39,652,10,2024-03-13,2024-04-03,Advanced,Fixed,"By the end of this course, students will be able to:
- Understand the basic concepts of Rust programming language
- Write and execute basic Rust programs
- Utilize Rust's ownership system effectively
- Implement and work with data structures and algorithms in Rust
- Develop a deeper understanding of Rust's memory management and error handling features
- Collaborate with peers to solve coding challenges and complete projects using Rust.",http://richard.info/,"[3677, 67508, 7548, 21148, 1655, 47856, 34295, 99360, 89150, 3719, 12523]",https://picsum.photos/1012/261,"[{'Rating': 1.1, 'Comment': 'My increase friend institution these military. Listen collection since sing full crime.'}, {'Rating': 4.2, 'Comment': 'The onto institution field full even. Under charge lawyer my become everything example. Into success hard meeting direction. Professor reveal usually green good catch.'}, {'Rating': 4.2, 'Comment': 'Your camera answer class what the future political. Onto nation suffer a. Operation American together human benefit including early.'}, {'Rating': 3.3, 'Comment': 'Reach hundred nice art land movement finish. Laugh stand hand little.'}, {'Rating': 1.6, 'Comment': 'Visit environmental work partner one win especially adult. Push produce Mr product forward one a. Certain morning finish whom like total case.'}, {'Rating': 1.6, 'Comment': 'Significant policy myself administration. Out plan quality side. Yes bill sound great.'}, {'Rating': 3.6, 'Comment': 'Public type animal business white certain while. Take out including yet.'}]"
8,1,5,Scala Programming Basics,English,https://picsum.photos/310/410,601,5.0,19,138,7,2024-01-31,2024-01-02,Beginner,Fixed,"By the end of this course, students will be able to:
- Understand the fundamentals of Scala programming language
- Define and use variables, data types, and operators in Scala
- Write and execute basic Scala programs
- Utilize functions, control structures, and collections in Scala programming
- Implement object-oriented programming concepts in Scala
- Create and manipulate classes and objects in Scala programming.",https://smith.com/,"[5384, 23104, 39, 1771, 96713, 27777, 5217, 56317, 1777, 22356, 29349, 51749, 82470, 3487, 12425, 87932, 8144, 8787, 12224, 28998, 43113, 32411, 30678, 37823, 69704, 98615, 21393, 18483, 14422, 77831, 61943, 46492, 89938, 67570, 85098, 14902, 19956, 13217, 8095, 43419, 21404, 22880, 661, 9965]",https://placekitten.com/65/354,"[{'Rating': 4.6, 'Comment': 'Top red day civil goal technology. Where color might government establish crime country avoid.'}, {'Rating': 1.5, 'Comment': 'Eat mouth act sell. Find just visit letter.'}, {'Rating': 3.6, 'Comment': 'Chair service challenge nature. Environmental run charge organization five choose recognize. Lead street couple than fact maybe agree.'}, {'Rating': 4.1, 'Comment': 'Play ever at fill hear remain. Plant international writer event indicate scientist measure marriage. Kitchen begin throw never fire style make type.'}, {'Rating': 1.7, 'Comment': 'Information record grow feel nor from. Especially weight wonder none particularly.'}, {'Rating': 4.5, 'Comment': 'Themselves series miss degree beat each. Position economic recent building. Water summer shoulder much.'}, {'Rating': 3.5, 'Comment': 'Citizen rather agree of beautiful. Ability rest card send technology science increase. Organization democratic hit through dark reflect half listen.'}]"
9,1,5,JavaScript Algorithms and Data Structures,English,https://picsum.photos/478/480,196,2.4,86,609,5,2024-04-01,2024-01-26,Advanced,Percentage,"Students will be able to articulate and implement various algorithms and data structures using JavaScript. They will demonstrate proficiency in problem-solving skills through the application of these concepts to real-world scenarios. Students will also be able to analyze and optimize algorithms for efficiency and understand the importance of data structures in enhancing the performance of algorithms. Additionally, they will develop a strong foundation in computer science principles and be able to communicate their solutions effectively.",https://russell-walker.com/,"[13990, 46758, 44252, 69742, 1876, 62070, 89588, 83169, 44754, 72781, 90323, 610, 78503, 61276, 59807]",https://dummyimage.com/136x515,"[{'Rating': 1.2, 'Comment': 'Develop career whose language meet various likely wonder. Bank people enter position. Than by significant personal citizen these.'}, {'Rating': 3.4, 'Comment': 'Tax history call suddenly culture state also. Perhaps loss environmental nature fly use.'}, {'Rating': 2.1, 'Comment': 'Heart attack either stock of air single. Serious natural five experience town together paper.'}, {'Rating': 3.5, 'Comment': 'Moment interesting far. Father population message say factor prevent. Surface mouth more prepare ball.'}, {'Rating': 4.8, 'Comment': 'Wait accept economy record suggest break attack.'}, {'Rating': 3.7, 'Comment': 'Garden social start peace. Rich site white first then fast.'}, {'Rating': 2.1, 'Comment': 'Be home the someone. Or source anyone yes perform agree. Happen suggest daughter.'}]"
10,1,5,Shell Scripting Basics,English,https://picsum.photos/579/897,930,1.8,99,699,6,2024-04-09,2024-01-08,Beginner,Percentage,"By the end of this course, students will be able to:
1. Understand the fundamentals of shell scripting
2. Write simple shell scripts to automate tasks
3. Utilize variables, loops, conditional statements, and functions in shell scripts
4. Use command line arguments and input/output redirection in scripts
5. Debug and troubleshoot shell scripts for errors.",http://www.smith-schmidt.com/,[57624],https://placekitten.com/217/140,"[{'Rating': 3.3, 'Comment': 'Get provide two newspaper machine reveal.'}, {'Rating': 3.3, 'Comment': 'Treat represent along five wife. Future few American table.'}, {'Rating': 1.8, 'Comment': 'Always with medical whether chance page shake. Throughout beyond serious modern put.'}, {'Rating': 2.2, 'Comment': 'Paper break discussion class important sell. Understand debate last if treat PM reason bit. Try between manage leader woman accept receive.'}, {'Rating': 4.1, 'Comment': 'Beat must thing. Hair name place establish raise ahead. Vote human community information a himself degree. Term themselves win teacher blue.'}, {'Rating': 1.3, 'Comment': 'Skin economic financial language right wife. Whose able wind left.'}, {'Rating': 2.0, 'Comment': 'Wrong most executive.'}, {'Rating': 4.0, 'Comment': 'Situation growth exactly fear there individual mouth. Whole red smile easy. List across than.'}, {'Rating': 4.3, 'Comment': 'Determine million foot consider economy treat. Approach keep hope until land professor. Spring one report brother.'}]"
11,1,6,Computer Networks Basics,English,https://dummyimage.com/122x857,862,4.8,75,624,3,2024-02-29,2024-02-04,Intermediate,Fixed,"- Understand the fundamental concepts of computer networking including protocols, topologies, and architecture. 
- Demonstrate knowledge of the OSI model and TCP/IP suite.
- Explain the principles of network communication and data transmission.
- Identify common networking devices and their functions.
- Implement basic network configurations and troubleshoot common networking issues.",https://www.hubbard.net/,"[61428, 15215, 80530, 41353, 1981, 25259, 40520, 64660, 73836, 20829, 495]",https://placekitten.com/205/325,"[{'Rating': 1.8, 'Comment': 'Whole hear bring. Baby appear picture.'}]"
12,1,6,Operating Systems Principles,English,https://picsum.photos/229/254,781,3.9,72,897,8,2024-01-22,2024-01-12,Intermediate,Fixed,"Upon completion of the course Operating Systems Principles, students will be able to:
- Understand the fundamental concepts of operating systems, including processes, memory management, file systems, and networking.
- Analyze and evaluate different operating system design and implementation techniques.
- Apply operating system principles to solve real-world problems and design efficient systems.
- Demonstrate proficiency in using operating system tools and commands to manage and optimize system performance.
- Critically assess the security implications and challenges of various operating system configurations.",http://www.jones.com/,"[85025, 38723, 39141, 85744, 21391, 7722, 28260, 62240, 2201, 18417, 58454, 99133, 11691, 8836, 59943, 92352, 51663, 24837, 14705, 74914, 77291, 87586, 74734, 14935, 66961, 49304, 8372, 1385, 97593, 50743, 19075, 93074, 78434, 6312, 57678, 48453, 29512, 95632]",https://placekitten.com/553/34,"[{'Rating': 4.4, 'Comment': 'Deal exactly huge customer. About nature investment blood guy prepare admit.'}, {'Rating': 3.4, 'Comment': 'Life special their control coach shake. Rich institution on he notice exactly.'}, {'Rating': 2.0, 'Comment': 'Support approach later future suffer admit way heart. Worker affect degree my woman sign. Simply rather send drug might section.'}, {'Rating': 2.7, 'Comment': 'For so entire look green simple mother. Fill policy international toward possible factor administration.'}, {'Rating': 3.6, 'Comment': 'Memory cold discussion read table what. Capital now treat majority use recognize alone. Central rule take next science full friend.'}, {'Rating': 4.3, 'Comment': 'True establish red worker several together financial. Member oil detail fact mother effort. Property loss room film decision three.'}, {'Rating': 4.5, 'Comment': 'Read officer whole strong stage. Relationship party way bank enter.'}]"
13,1,6,Database Systems Concepts,English,https://dummyimage.com/882x77,575,1.6,71,586,1,2024-02-27,2024-01-19,Beginner,Percentage,"Students will be able to:
1. Understand the fundamental concepts of database systems.
2. Identify the different types of database systems and their applications.
3. Design and implement database systems using appropriate tools and techniques.
4. Demonstrate proficiency in querying databases using SQL.
5. Analyze and optimize database performance.
6. Apply data modeling techniques to represent real-world scenarios in a database system.",https://willis.com/,"[50811, 61250, 67859, 80523, 92311, 43326, 67739, 61485, 81925, 45072, 17241, 39137, 85510, 9414, 19498, 86694, 62813, 28795, 52845, 53852, 14842, 62662, 88446, 57068, 28060, 92560, 2965, 82838, 91643, 87863, 4871, 31732, 60896, 27360, 38016, 69204, 98464, 73665, 23171, 69201, 57798, 57083, 1373, 37720, 24560, 56623]",https://placekitten.com/371/706,"[{'Rating': 1.2, 'Comment': 'Part thousand town our war alone.'}, {'Rating': 4.0, 'Comment': 'So whole guess just organization. Analysis sort democratic before even deep. Show live food soldier.'}, {'Rating': 4.9, 'Comment': 'Boy subject rise expect. Sister record station whether. Hope someone suggest think worker campaign miss specific.'}, {'Rating': 3.9, 'Comment': 'We along play writer west tell executive. Open magazine task probably require. Music believe material decide wind piece leg.'}]"
14,2,5,Modern C++ Programming,English,https://dummyimage.com/836x736,165,1.4,34,749,2,2024-01-14,2024-01-08,Advanced,Fixed,"Upon completion of this course, students will be able to:
- Understand the principles of modern C++ programming
- Write efficient and effective C++ code using best practices
- Utilize object-oriented programming concepts in C++
- Implement data structures and algorithms in C++
- Debug and troubleshoot C++ code effectively
- Utilize the standard template library (STL) in C++ programming",http://boyer-martinez.com/,"[62959, 43522]",https://placekitten.com/7/938,"[{'Rating': 2.0, 'Comment': 'Leg company nice recognize work night building Mrs. Yard rise work particularly.'}, {'Rating': 4.7, 'Comment': 'Last feeling specific left environmental share will education. Under unit best serve even situation. Be interview student name become prepare fall.'}, {'Rating': 4.6, 'Comment': 'Research day position. At challenge affect away would send.'}, {'Rating': 4.0, 'Comment': 'Yourself today success pay. Rich special issue on serve nation. Pm PM analysis run rich prove.'}]"
15,2,5,Go Programming Language Basics,English,https://placekitten.com/157/696,755,4.7,43,137,4,2024-04-23,2024-04-09,Beginner,Fixed,"By the end of the course, students will be able to:
- Understand the basic syntax and features of the Go programming language
- Create and manipulate variables, data types, and data structures in Go
- Write and execute basic programs in Go
- Utilize control structures such as loops and conditionals in Go programming
- Implement functions and methods in Go to organize code and perform tasks
- Utilize built-in packages and libraries to extend the functionality of Go programs.",http://www.steele.com/,"[99662, 67979, 23702, 87785, 89565, 35740, 93344, 28970, 18753, 80538, 28002, 7327, 4119, 60182, 49825, 69042, 93018, 68795, 39676, 96111, 62111, 87617, 88321, 47596, 54852, 21422, 61820, 62464, 28597, 94044, 37383, 91043, 44338, 93619, 72627, 64739, 6586, 33499, 22106, 64420, 59054, 51367, 24885, 92593, 27200, 17554, 72599, 67987]",https://dummyimage.com/6x974,"[{'Rating': 2.1, 'Comment': 'Ask increase catch section want appear population say. Themselves success pass laugh foot.'}, {'Rating': 2.0, 'Comment': 'Cup realize movie dream. It term professor raise my.'}, {'Rating': 1.5, 'Comment': 'Represent prepare factor. Model one provide drop.'}, {'Rating': 4.5, 'Comment': 'Us here foot computer at. Suffer approach speech eight. Born that hit station sit.'}, {'Rating': 4.0, 'Comment': 'Nation box house section threat senior. Until final wonder benefit must glass old. Through professional wide.'}]"
16,2,5,Ruby Programming Fundamentals,English,https://dummyimage.com/734x540,239,1.7,37,319,2,2024-02-19,2024-03-26,Beginner,Fixed,"Students will be able to:
- Understand the basic syntax and structure of the Ruby programming language.
- Develop proficiency in writing and executing Ruby code for various applications.
- Utilize key programming concepts such as variables, loops, conditionals, and functions in Ruby.
- Implement object-oriented programming principles in Ruby to create well-organized code.
- Apply best practices for debugging and testing Ruby code to ensure functionality and efficiency.",http://walton.com/,"[67545, 6847, 69889, 4724, 17293, 62784]",https://placekitten.com/937/222,"[{'Rating': 2.4, 'Comment': 'Investment computer grow item happen what. Change color southern not wall interview.'}, {'Rating': 2.7, 'Comment': 'Mrs certainly back different simply draw large. Return top green film.'}, {'Rating': 3.8, 'Comment': 'Firm while until seem. Under itself thus reduce ten born analysis. New stage candidate him left economy each move.'}, {'Rating': 3.7, 'Comment': 'Investment reach base word about experience.'}, {'Rating': 4.5, 'Comment': 'Hard guess individual use second gas last.'}, {'Rating': 1.4, 'Comment': 'Leg own great mean wall front. Red dinner nature almost.'}]"
17,2,7,JavaScript for Frontend Development,English,https://placekitten.com/91/168,689,2.6,2,866,1,2024-04-04,2024-02-28,Intermediate,Fixed,"Upon completion of the course ""JavaScript for Frontend Development,"" students will be able to: 
1. Understand the fundamentals of JavaScript programming language
2. Create interactive and dynamic web applications using JavaScript
3. Implement event handling and manipulation of the DOM with JavaScript
4. Utilize AJAX for asynchronous communication with servers
5. Apply JavaScript frameworks and libraries for frontend development purposes.",http://sanders.com/,"[32562, 98489, 24311, 84958, 33578, 2895, 37046, 46714, 733, 77002, 20613, 81877, 41119, 4039, 64937, 22760, 23179, 34663, 24288, 38824, 47592, 79877, 58453, 12249, 94344, 51064, 85054, 1042, 35731, 97460, 8375, 60703, 96109, 16753, 62670, 14968, 16761, 90246, 7596, 9627, 49747, 18770, 51099, 81396]",https://placekitten.com/1002/134,"[{'Rating': 2.1, 'Comment': 'Opportunity floor say six month. Grow fact through continue industry nothing sense win. Term next eye pass. Already card organization at hold.'}]"
18,2,7,Backend Development with Node.js,English,https://picsum.photos/332/94,452,4.7,95,611,1,2024-04-07,2024-03-20,Intermediate,Fixed,"- Understand the basics of backend development using Node.js
- Learn how to create RESTful APIs using Node.js and Express
- Gain knowledge in handling data storage and retrieval with MongoDB
- Develop skills in authentication and authorization processes in Node.js
- Learn how to test and debug Node.js applications efficiently
- Explore best practices for building scalable and secure backend applications with Node.js",https://briggs.com/,"[89416, 1483, 38580, 69714, 37582, 17508, 73779, 72684, 61952, 71205, 73419, 32534, 40498, 21150, 55547, 47800, 92540, 83194, 64913, 26651, 46264, 4395, 39459, 18283, 63774, 25663, 53836, 20345, 39559, 56193, 66952]",https://placekitten.com/1016/458,"[{'Rating': 1.3, 'Comment': 'Improve out radio fact realize card hundred. Close agreement blood more police create career.'}, {'Rating': 5.0, 'Comment': 'Stage tree guess community southern consumer fear news. Ball energy single response son go. Interview well stage interview police increase art.'}, {'Rating': 1.2, 'Comment': 'Option north computer.'}, {'Rating': 2.7, 'Comment': 'Cultural water arrive short hour grow today. Begin dinner spend kid. Ability audience fire.'}, {'Rating': 2.6, 'Comment': 'Region total question rest away. President from hot agency themselves apply. Far able few just.'}, {'Rating': 3.6, 'Comment': 'Line recognize bill. And simply always everyone stay threat. By would conference avoid.'}, {'Rating': 2.5, 'Comment': 'Eight across different time day. Join nice several paper where brother of. Common business military speech religious debate sound. North too drive catch majority.'}, {'Rating': 3.6, 'Comment': 'Investment available woman suddenly set answer. Society important prevent we standard let.'}]"
19,2,7,Building RESTful APIs with Express.js,English,https://dummyimage.com/50x816,577,3.3,80,751,10,2024-04-20,2024-04-03,Intermediate,Fixed,"By the end of this course, you will be able to: 
1. Understand the concept of RESTful APIs and their importance in web development.
2. Implement CRUD operations using Express.js to interact with a database.
3. Create endpoints for different HTTP methods such as GET, POST, PUT, and DELETE.
4. Handle request parameters, headers, and payloads in API endpoints.
5. Implement authentication and authorization mechanisms for secure API access.
6. Utilize middleware functions to enhance the functionality and security of the APIs.
7. Test and debug RESTful APIs using tools like Postman and Jest.",http://jones.com/,"[43131, 85419, 18558, 94470, 79297, 64099, 47742, 31004, 40713, 93531, 59070, 61303, 82370, 4665, 66163, 39385, 72619, 47359, 63004, 28051, 81616, 43519, 76049, 81567, 66294, 96237, 37830, 93847, 65769, 83194, 693, 90020, 52760, 42550, 59762, 34905, 7499]",https://dummyimage.com/601x307,"[{'Rating': 4.2, 'Comment': 'Or myself trip sense table power rate grow. Name get through us tree.'}]"
20,2,7,Database Integration with MongoDB,English,https://dummyimage.com/59x17,81,4.3,10,433,1,2024-02-20,2024-01-18,Advanced,Fixed,"- Understand the basics of MongoDB and NoSQL databases
- Learn how to integrate MongoDB with various programming languages and frameworks
- Gain proficiency in designing and implementing MongoDB databases
- Explore best practices for data modeling and querying in MongoDB
- Develop skills in managing and optimizing MongoDB databases for performance
- Apply knowledge of MongoDB to real-world projects and scenarios",https://www.crosby-boone.com/,"[81934, 3212, 60811, 80705, 55522, 92202, 35115, 59748, 22719, 42081, 56854, 4498, 23699, 42729, 4582, 79940, 70237, 10088, 45303, 40455, 42130, 55951, 6159, 38444, 79218, 1698, 84882, 10421, 67644, 78005, 23936, 32935, 90976, 42755, 29874]",https://picsum.photos/420/663,"[{'Rating': 3.5, 'Comment': 'Budget ahead set shoulder almost contain partner. Discussion score paper. Close future let authority billion ability deal.'}, {'Rating': 4.3, 'Comment': 'Indeed onto policy already. Adult draw fine degree black. President people chance.'}]"
21,2,7,Progressive Web Apps Development,English,https://dummyimage.com/682x1011,787,1.8,67,25,6,2024-04-13,2024-04-18,Beginner,Fixed,"- Understand the fundamentals of Progressive Web Apps (PWAs)
- Develop responsive web applications that work across different devices and platforms
- Implement service workers and offline functionality to enhance user experience
- Utilize web app manifest and push notifications for engaging user interactions
- Increase web app performance through caching and optimizing resources
- Apply best practices in Web App Development to create high-quality PWAs.",https://www.miller-tate.com/,"[11509, 85355, 99458, 58829, 84644, 76082, 32384, 43915, 54337, 50526, 54993, 56549, 94137, 59396, 6606, 4564, 62816, 53011, 47459, 69255, 47267, 74600, 88963, 77763, 87645, 53472, 49306, 50559, 28838, 8615, 14564, 28961, 39744, 42568, 69842, 19247, 83942, 3314, 4934, 63987, 19956, 10489, 86346, 42426, 23763, 87736, 48735, 44881, 84017, 12144]",https://placekitten.com/726/61,"[{'Rating': 1.5, 'Comment': 'Fight so build major condition represent special. Program religious if bad quality. Training company pick science sport.'}, {'Rating': 2.8, 'Comment': 'Degree pattern establish executive factor may sort shake. Who responsibility public expect rule pick herself maybe. With two since. Career season black individual offer.'}, {'Rating': 2.3, 'Comment': 'Boy politics occur Congress attack where ever. Different analysis response community the. Attorney kid either suggest girl. Analysis federal on test range relationship line deal.'}, {'Rating': 3.3, 'Comment': 'Congress entire choose task. Likely local positive start show. Administration hit system ready skin particularly.'}, {'Rating': 4.5, 'Comment': 'At follow too tend. Break lot news hundred answer. Perform parent then best red. Admit painting see less pay catch oil.'}, {'Rating': 2.8, 'Comment': 'Think wife smile town age none though. Sit remember popular watch different.'}]"
22,2,7,Serverless Architecture with AWS Lambda,English,https://dummyimage.com/131x609,460,4.0,29,2,2,2024-03-21,2024-01-30,Beginner,Fixed,"By the end of this course, students will be able to: 
- Understand the principles and benefits of serverless architecture
- Create and deploy functions using AWS Lambda
- Integrate Lambda functions with other AWS services
- Optimize performance and cost-efficiency of serverless applications
- Implement security best practices for serverless architecture
- Troubleshoot common issues and errors in serverless applications.",http://lamb.biz/,"[44123, 72216, 24783, 64052, 78722, 39596, 59768, 9839, 800, 60179, 78468, 15232, 28151, 85494, 86910]",https://picsum.photos/536/486,"[{'Rating': 3.9, 'Comment': 'Cultural hair same deal suggest. Voice but carry create value bit minute.'}, {'Rating': 1.8, 'Comment': 'Light here across tell. Though event sell fear join guy own.'}, {'Rating': 1.9, 'Comment': 'Notice TV war control. Deep policy member peace message growth. Party place style.'}, {'Rating': 1.7, 'Comment': 'Tonight worker produce total development. Hear board while.'}]"
23,2,7,Web Accessibility Standards,English,https://picsum.photos/283/201,850,4.5,40,355,2,2024-01-03,2024-03-24,Advanced,Percentage,"By the end of the course, students will be able to:
1. Understand the importance of web accessibility standards and the impact they have on users with disabilities.
2. Apply WCAG guidelines to create accessible web content.
3. Identify common accessibility barriers on websites and implement solutions to address them.
4. Test websites for accessibility compliance and make necessary adjustments to ensure inclusivity for all users.",https://lamb.com/,[61168],https://picsum.photos/545/701,"[{'Rating': 4.1, 'Comment': 'All run reduce begin. Capital important ahead season lead seem behind treat. Hot race political area culture.'}, {'Rating': 2.9, 'Comment': 'Find alone manage. Activity require perhaps baby do.'}, {'Rating': 2.7, 'Comment': 'Two hour recent citizen deal change. Within business community themselves develop life. Past growth start wife military enough I.'}, {'Rating': 2.1, 'Comment': 'Oil let fine throughout season. Reduce forget include production.'}, {'Rating': 3.1, 'Comment': 'Another day yourself should look woman number edge. Activity however feeling long reduce network.'}]"
24,2,7,Web Development with Flask,English,https://picsum.photos/122/55,737,2.4,10,712,9,2024-04-12,2024-01-22,Intermediate,Percentage,"By the end of this course, students will be able to:
- Create interactive web applications using Python and the Flask framework
- Implement a RESTful API to interact with databases and client-side applications
- Design and deploy web applications using Flask and popular front-end technologies
- Utilize best practices in web development including security, performance optimization, and scalability
- Troubleshoot and debug common issues in web applications built with Flask.",http://rivas-harris.info/,"[79937, 7457, 24139, 11559, 64339, 73406, 90278, 5371, 63758, 22742, 97709, 76351, 56222, 12844, 26755, 2647, 81785, 70716, 66882, 94820, 65286, 1388, 67109, 31027, 92754, 66680]",https://placekitten.com/691/195,"[{'Rating': 2.0, 'Comment': 'Fly summer so leave market light. American brother respond.'}, {'Rating': 3.4, 'Comment': 'Get organization town alone choice their. Television thank ask road. Analysis on and message character property number. Clearly fly ahead east if son.'}, {'Rating': 1.7, 'Comment': 'Your across center success hot.'}, {'Rating': 1.9, 'Comment': 'There interest unit again everything professor capital. Soon save such natural such floor behind.'}, {'Rating': 4.2, 'Comment': 'More six interest loss hospital.'}, {'Rating': 4.4, 'Comment': 'Director us heart minute student.'}]"
25,3,2,Machine Learning Fundamentals,English,https://dummyimage.com/717x175,411,3.7,70,735,9,2024-02-29,2024-03-11,Advanced,Fixed,"By the end of this course, students will be able to:
- Understand the basic concepts and techniques in machine learning
- Identify different types of machine learning algorithms and their applications
- Apply machine learning algorithms to solve real-world problems
- Evaluate and interpret the results of machine learning models
- Implement and evaluate supervised and unsupervised machine learning algorithms
- Demonstrate the ability to use machine learning libraries and tools
- Critically analyze and compare different machine learning techniques.",https://www.brown.info/,"[59986, 59888, 92396, 10608, 32897, 62095, 18038, 91644, 20920, 62822, 96967, 86909, 29946, 79775, 58233, 41087, 67797, 25584, 50126, 3541, 38372, 75163, 53750, 26182, 58309]",https://placekitten.com/357/1013,"[{'Rating': 1.4, 'Comment': 'Statement sense music really population. Him production interest tree move. To although find gun he night fill.'}, {'Rating': 3.0, 'Comment': 'Friend suffer raise unit method enter son. Produce mention production claim hair.'}, {'Rating': 4.9, 'Comment': 'Site wish among majority indeed night. Sit inside good choose order. Soldier general seem population week good by.'}, {'Rating': 1.0, 'Comment': 'Point bag me its sing. Go past majority company space.'}, {'Rating': 4.8, 'Comment': 'Answer state truth rich painting performance. Leg himself particularly black.'}, {'Rating': 1.5, 'Comment': 'Set only three town point. Agent return young race.'}, {'Rating': 2.1, 'Comment': 'Moment structure position nice. Author value who yeah.'}]"
26,3,2,Python for Data Science,English,https://dummyimage.com/566x267,410,3.4,18,697,3,2024-03-27,2024-03-11,Advanced,Percentage,"By the end of this course, students will be able to:
- Understand and apply fundamental Python programming concepts
- Manipulate and analyze data using Python libraries such as Pandas and NumPy
- Visualize data effectively using Matplotlib and Seaborn
- Perform statistical analysis and machine learning using scikit-learn
- Interpret and communicate findings through data visualization and storytelling",https://coleman.com/,"[61195, 72302, 97061, 98510, 60378, 14367, 4120, 65166, 74322, 60657]",https://picsum.photos/507/304,"[{'Rating': 1.6, 'Comment': 'Growth argue half area experience deep. Space understand idea feel good pretty natural. Little former day day west stand surface scientist.'}]"
27,3,2,Natural Language Processing Basics,English,https://dummyimage.com/600x509,760,2.0,86,753,2,2024-01-01,2024-01-05,Advanced,Fixed,"By the end of the course, students should be able to:
- Understand the fundamentals of Natural Language Processing (NLP)
- Identify the common tasks in NLP such as tokenization, stemming, and named entity recognition
- Apply basic programming techniques to manipulate and analyze text data
- Evaluate and compare different NLP models and techniques
- Build simple NLP applications using Python and popular NLP libraries",https://lambert.com/,"[59589, 33636, 39399, 24013, 98969]",https://placekitten.com/499/676,"[{'Rating': 3.6, 'Comment': 'Country side goal inside eight over. Nor on collection sure what number such occur. Clearly agent occur agent miss.'}, {'Rating': 1.1, 'Comment': 'Away money deal hot call itself image. Look way goal respond popular probably visit.'}, {'Rating': 2.4, 'Comment': 'Then activity war go. Clearly whole light fill soon threat. Yourself some professional hospital often.'}, {'Rating': 2.0, 'Comment': 'School mother run fall quickly affect. Sport sound nor western. Yes various effort include story center only.'}, {'Rating': 2.8, 'Comment': 'Half meeting sell character. Term address hot listen. Democrat he have pick executive.'}, {'Rating': 3.7, 'Comment': 'Candidate his clear star certainly short cover. Situation positive remain memory arm. Friend argue level available.'}, {'Rating': 4.9, 'Comment': 'Let machine major skin hospital. Of whatever prepare mission. Use range create wrong least what.'}]"
28,3,8,Data Visualization Techniques,English,https://placekitten.com/71/514,344,4.7,68,982,4,2024-04-26,2024-01-06,Intermediate,Percentage,"Students will be able to:
- Understand the principles of data visualization
- Identify appropriate visualization techniques for different types of data
- Create effective data visualizations using tools such as Tableau or R
- Interpret and analyze data visualizations to draw meaningful insights
- Utilize color, layout, and typography to enhance the clarity and impact of their visualizations",http://moran.com/,"[38709, 39411, 44885, 72995, 49987, 34858, 42852, 30731, 63344, 1073, 81211, 38590, 84519, 81724, 11222, 46582, 60106, 53651, 8777, 46332, 70664, 55370, 56915, 60350, 10512, 176, 66819, 47882, 60473, 35568, 5908, 56803, 94003, 1860, 60187, 67453, 19902, 78908, 93914, 99058, 71209, 98737, 39699, 34748, 19014]",https://placekitten.com/212/412,"[{'Rating': 4.8, 'Comment': 'Sell part first avoid land free. Rule mention though message process now.'}, {'Rating': 4.0, 'Comment': 'Force image change close though. Down discuss three assume crime bed. Enjoy kitchen your could.'}, {'Rating': 3.8, 'Comment': 'Relationship minute final poor fall senior. Discussion task course nation open name important.'}, {'Rating': 1.8, 'Comment': 'Society whose recent church threat remain. Act beyond wish national. Throughout treat collection forget.'}]"
29,4,4,iOS App Development,English,https://dummyimage.com/296x190,239,3.3,28,364,3,2024-04-29,2024-01-20,Beginner,Percentage,"Students will be able to:
- Design user-friendly and aesthetically pleasing iOS applications.
- Develop functional and efficient code using Swift programming language.
- Implement various iOS features and capabilities, such as geolocation, notifications, and user authentication.
- Test and debug iOS applications to ensure they are free of errors and run smoothly.
- Deploy iOS applications to the App Store and understand the submission process.
- Continuously learn and adapt to new iOS technologies and updates in the mobile development field.",https://montgomery-green.com/,"[6545, 57534, 96532, 25510, 75420, 56280, 56160]",https://placekitten.com/992/292,"[{'Rating': 2.5, 'Comment': 'Mrs future heavy say. Kitchen east civil sister put him represent.'}, {'Rating': 4.8, 'Comment': 'Sit employee order go effect special field Mr. Provide treat have thing responsibility professional move scene.'}, {'Rating': 4.3, 'Comment': 'Produce within others product seem. Not loss move. Make note age wide world yard table.'}, {'Rating': 4.4, 'Comment': 'Itself create cold shoulder town just. Push simple dinner serve task the. Performance claim oil turn at.'}]"
30,4,4,Mobile UX/UI Design,English,https://placekitten.com/603/974,915,2.5,68,786,8,2024-01-18,2024-03-29,Beginner,Fixed,"- Understand the principles of user experience (UX) and user interface (UI) design for mobile applications
- Develop proficiency in creating wireframes and prototypes for mobile apps
- Learn to conduct user research and usability testing to gather feedback for iterative design improvements
- Gain knowledge of mobile design patterns and best practices for creating intuitive and engaging user experiences
- Acquire skills in designing responsive and accessible mobile interfaces for diverse user needs and devices.",https://roberts.com/,"[74825, 4379, 94105, 95053, 2819, 80401, 80843, 47410, 99513, 79031, 80419, 18074, 51280]",https://dummyimage.com/843x544,"[{'Rating': 3.0, 'Comment': 'Nor suffer reality great view. Travel national represent.'}, {'Rating': 2.0, 'Comment': 'Simple son affect room them sea. Outside poor force can very which federal.'}, {'Rating': 4.4, 'Comment': 'And challenge trip energy.'}, {'Rating': 3.3, 'Comment': 'Hold reach true camera development field. Finally company cultural a water.'}]"
31,4,6,Software Engineering Fundamentals,English,https://picsum.photos/932/975,838,4.3,8,621,5,2024-01-25,2024-03-04,Beginner,Percentage,"1. Understand the basic principles and practices of software engineering.
2. Learn to analyze requirements and design software solutions.
3. Develop the ability to write clean, maintainable, and efficient code.
4. Gain experience in testing, debugging, and maintaining software systems.
5. Explore different software development methodologies and their applications.
6. Learn to collaborate effectively with team members on software projects.",http://juarez-stanley.com/,"[19490, 41922, 79368, 94015, 21827, 11698, 44210, 2779, 74800, 91431, 76484, 98552, 97228, 97106, 63862, 82143, 41782, 23371, 51614, 75056, 7450, 5269, 33129, 47000, 36480, 1482, 14349, 88930, 54864, 87152, 72897, 72334, 13572, 83847, 73414, 66327, 8522, 6364, 27609, 76687, 71618, 73813]",https://placekitten.com/720/425,"[{'Rating': 3.4, 'Comment': 'Often site customer home. Close race his adult three coach military.'}]"
32,4,6,Parallel and Distributed Computing,English,https://placekitten.com/991/365,868,2.4,99,329,6,2024-02-24,2024-04-19,Beginner,Fixed,"- Understand the principles of parallel and distributed computing
- Be able to analyze, design, and implement parallel algorithms
- Gain knowledge about different parallel architectures and programming models
- Learn about distributed computing technologies and paradigms
- Develop skills in performance evaluation and optimization of parallel and distributed systems
- Apply parallel and distributed computing concepts to solve real-world problems.",http://flores.com/,"[58916, 57318, 58229, 73581, 79696, 18227, 12823, 84509, 96466, 53642, 70179, 32438, 97359, 38703, 84173, 19113, 98517, 9333, 40010, 90000, 62839, 59866, 42353, 29411, 66214, 73737]",https://picsum.photos/703/253,"[{'Rating': 3.5, 'Comment': 'Tend win billion. Play since compare when middle. Short entire director condition performance.'}, {'Rating': 3.8, 'Comment': 'Strategy arm significant their cut stock. Could join treatment suggest.'}, {'Rating': 4.3, 'Comment': 'Respond crime you consider on take happen. Culture wall audience else important special behavior low.'}]"
33,4,6,Computer Architecture Principles,English,https://placekitten.com/587/757,832,4.4,17,616,3,2024-01-10,2024-04-28,Intermediate,Percentage,"- Understand the fundamentals of computer architecture, including how data is processed and stored within a computer system.
- Analyze and evaluate different types of computer architectures, such as von Neumann and Harvard architectures.
- Develop a deeper understanding of the internal components of a computer, including the CPU, memory, and storage devices.
- Explore concepts such as pipelining, caching, and virtual memory, and understand their impact on system performance.
- Apply knowledge of computer architecture principles to design and optimize computer systems for specific tasks or applications.",http://schneider.com/,[90448],https://picsum.photos/875/528,"[{'Rating': 2.9, 'Comment': 'Give cover reach. Here phone language leave have.'}, {'Rating': 2.5, 'Comment': 'Moment miss real what finally according.'}, {'Rating': 4.4, 'Comment': 'According part financial begin.'}, {'Rating': 3.2, 'Comment': 'Firm listen strategy fill including. Parent hotel various imagine guess and music.'}, {'Rating': 2.5, 'Comment': 'Effort career lawyer learn eight. Create together along throughout writer arrive. Culture laugh draw will write wide news. Sense amount detail reveal.'}, {'Rating': 3.2, 'Comment': 'Could late store small company agreement big hotel. Series later hospital service fire else.'}, {'Rating': 3.0, 'Comment': 'Dog safe impact himself million forget. Hear read seat tend lead Democrat with gun.'}, {'Rating': 1.3, 'Comment': 'Stock know point local glass such. Population race generation TV gun member. Here school late property.'}, {'Rating': 4.5, 'Comment': 'Never through collection attorney should. Decade much recognize church. Floor break its effect nor research on dinner.'}]"
34,4,6,Theory of Computation,English,https://picsum.photos/154/479,516,3.9,1,669,2,2024-01-28,2024-01-26,Intermediate,Fixed,"Students will be able to:
- Understand the fundamentals of automata theory, formal languages, and computational complexity.
- Apply different models of computation such as finite automata, pushdown automata, and Turing machines to solve computational problems.
- Analyze the complexity of algorithms and determine their efficiency using Big O notation.
- Recognize the importance of decidability, undecidability, and computational complexity in the field of theoretical computer science.
- Develop problem-solving skills by applying theoretical concepts to real-world computational problems.",http://www.browning.org/,"[9253, 28946, 65582, 64740, 96468, 93303]",https://picsum.photos/455/198,"[{'Rating': 2.1, 'Comment': 'Answer those huge traditional head plant lay late. When cover government.'}, {'Rating': 2.9, 'Comment': 'Create prove throughout. All record good floor history.'}, {'Rating': 4.6, 'Comment': 'History will after occur whatever range effect. Support bag figure method near. Worker heavy term.'}, {'Rating': 2.5, 'Comment': 'Store reality blood story try. Usually difference however. Impact she some story maybe.'}, {'Rating': 4.5, 'Comment': 'Ever reflect science race. As process may gas and resource these. Leave simply fly listen.'}, {'Rating': 3.2, 'Comment': 'Have owner national provide possible nation series reveal. Book become baby agreement determine else begin.'}]"
35,4,6,Digital Signal Processing Basics,English,https://placekitten.com/930/348,709,4.2,51,601,6,2024-02-25,2024-03-06,Beginner,Percentage,"- Understand the basic concepts and principles of digital signal processing.
- Identify different types of signals and analyze their properties.
- Learn fundamental techniques for signal representation and processing.
- Gain knowledge of common digital signal processing algorithms and applications.
- Develop the ability to apply theoretical knowledge to solve practical signal processing problems.",https://www.dixon-sparks.com/,"[70717, 94772, 55689, 89177, 89212, 90869, 84620, 59342, 50729, 32176, 32994, 41265, 21402, 56765, 56375]",https://placekitten.com/629/907,"[{'Rating': 4.6, 'Comment': 'Newspaper discussion mouth base stock yard. Realize successful late wear through throughout Republican. Wish though morning lose speak current.'}, {'Rating': 2.7, 'Comment': 'Add task change value traditional. Fight entire road particularly relationship occur. Group growth whatever pretty citizen.'}, {'Rating': 4.9, 'Comment': 'Sea member gun. Seek TV low true music civil assume.'}, {'Rating': 2.1, 'Comment': 'They billion town hit expert.'}, {'Rating': 2.1, 'Comment': 'Drive dream deep carry give. Relationship option note box same feeling sign. Property west light throughout forward.'}, {'Rating': 3.7, 'Comment': 'Population much pressure project world. Kitchen sell white age that whole board fear. Tell edge keep approach reveal not news. Option on street.'}, {'Rating': 1.6, 'Comment': 'Budget prove accept rather how other. Mother not arm make college buy analysis which. Pressure many item range simple law evening. Measure one senior dream generation south.'}, {'Rating': 1.5, 'Comment': 'Sister short capital. City each common run. Run current article seek might stay teacher.'}, {'Rating': 4.6, 'Comment': 'According visit sing last performance relationship special. Who agreement well available speech.'}]"
36,5,6,Introduction to Computer Science,English,https://picsum.photos/161/337,55,4.2,73,4,6,2024-03-14,2024-01-15,Advanced,Fixed,"By the end of this course, students will be able to: explain key concepts in computer science, including algorithms, data structures, and programming languages; utilize problem-solving skills to write and debug basic computer programs; analyze and design simple software applications using fundamental programming techniques; demonstrate an understanding of ethical and social implications related to computer science; and communicate effectively with technical and non-technical audiences about computer science topics.",https://kelley.org/,"[67030, 25258, 18373, 30672, 60272, 68193, 72581, 69112, 81571, 24798, 37578, 41668, 25704, 2829, 54658, 60804, 27747, 16367, 99460, 29678, 44567, 14382, 96008, 6905, 33737]",https://picsum.photos/332/578,"[{'Rating': 1.8, 'Comment': 'Finish local focus four alone laugh. Onto cell treatment federal.'}, {'Rating': 2.1, 'Comment': 'Military instead leave believe. Sport half world every.'}, {'Rating': 4.5, 'Comment': 'Indicate blood than once their manage artist candidate. Eye prove someone democratic might. Of require station worker.'}, {'Rating': 1.8, 'Comment': 'Effort gas either. Building discuss economy last any attention want. Around deep animal.'}, {'Rating': 1.8, 'Comment': 'Most city drug person modern investment price get. Dog evening rich laugh like.'}, {'Rating': 3.9, 'Comment': 'Four community me finish century goal. Type its perhaps.'}, {'Rating': 2.8, 'Comment': 'Six recent information conference medical high respond participant. Simply image article clear admit. Dream base consumer employee in kitchen.'}, {'Rating': 4.6, 'Comment': 'Week movement determine person occur.'}, {'Rating': 1.0, 'Comment': 'Sit much research maintain tend. Second hotel listen usually or available she. Evening pay onto wide investment.'}]"
37,5,6,Algorithms and Data Structures,English,https://picsum.photos/809/625,63,4.8,72,651,7,2024-02-20,2024-02-27,Advanced,Percentage,"By the end of this course, students will be able to:
1. Understand fundamental algorithms and data structures.
2. Analyze and implement various algorithms for solving computational problems.
3. Design and implement data structures to efficiently store and manipulate data.
4. Apply algorithmic techniques to optimize code for time and space complexity.
5. Evaluate and compare different algorithms and data structures for specific use cases.",http://www.vasquez.com/,"[94740, 89731, 97730, 19688, 81325, 71196, 77503, 46553, 88736, 45064, 69210, 58462, 33238, 9305, 48056, 86763, 82240, 80515, 81304, 125, 44551, 60505, 69726, 59038, 58049, 76978, 32713, 18844, 77164, 14217, 51592, 52844, 43704, 78685, 69222, 81482, 1846, 22696, 41541, 93215, 52881, 71073, 94317]",https://dummyimage.com/689x313,"[{'Rating': 1.2, 'Comment': 'Girl science every recently.'}, {'Rating': 2.6, 'Comment': 'Claim tonight film discuss line sense dog. Trial stage another attention school. Hotel goal operation your ground because.'}, {'Rating': 2.3, 'Comment': 'New evidence find. Myself carry foreign pick onto.'}, {'Rating': 1.9, 'Comment': 'Local Democrat language hope glass prove card. Top director generation space prove.'}]"
38,5,6,Computer Graphics FundamentalsCybersecurity Essentials,English,https://picsum.photos/965/510,688,2.8,20,315,3,2024-04-19,2024-01-23,Intermediate,Percentage,"- Understand the core concepts and principles of computer graphics
- Demonstrate proficiency in using graphic software and tools to create visual designs
- Apply knowledge of color theory, typography, and layout principles to create visually appealing graphics
- Explore different rendering techniques and understand how to optimize graphic performance
- Identify common cybersecurity threats and vulnerabilities
- Implement best practices for securing networks, systems, and data
- Develop skills in investigating and responding to cybersecurity incidents
- Understand the legal and ethical implications of cybersecurity practices",https://www.joyce.com/,"[98085, 30896]",https://placekitten.com/878/85,"[{'Rating': 1.4, 'Comment': 'Opportunity nation nearly month purpose investment. Remember them remain traditional.'}, {'Rating': 2.7, 'Comment': 'Scientist physical change money treat fact control read. Attention represent station value. Grow society must art.'}]"
39,5,6,Compilers and Interpreters,English,https://placekitten.com/688/696,267,1.6,56,552,9,2024-01-15,2024-04-07,Beginner,Percentage,"By the end of this course, students will be able to:
1. Understand the principles of lexical analysis, parsing, and code generation in the context of compilers and interpreters.
2. Design and implement simple compilers and interpreters for programming languages.
3. Evaluate different optimization techniques and apply them to enhance the performance of compilers and interpreters.
4. Analyze the trade-offs involved in choosing between interpreting and compiling programming languages.
5. Explore various language processing tools and techniques to improve the efficiency and effectiveness of compilers and interpreters.",http://gonzalez.com/,"[36598, 6559, 18431, 84529, 85925, 98136, 58608, 5525, 27127, 9700, 26345, 64556, 62292, 39892, 79958, 54346, 31574, 43949, 83554, 4854, 74667, 91345, 56569, 92871, 92365, 34808, 34592, 5748, 2236, 57178, 72652, 25984, 10721, 25789, 35931, 6615, 62893]",https://dummyimage.com/707x427,"[{'Rating': 2.2, 'Comment': 'Show future guy assume first.'}, {'Rating': 4.0, 'Comment': 'Stay officer nearly air police. Serve he white I reason. Too lose at a.'}, {'Rating': 2.5, 'Comment': 'Manage day that far fine lot according. Wish sit mention alone trip.'}, {'Rating': 1.2, 'Comment': 'Child cost floor run.'}, {'Rating': 4.6, 'Comment': 'Growth worry thus next. Mission specific mind parent. Never magazine he provide north apply security.'}, {'Rating': 4.5, 'Comment': 'Film wide option knowledge collection everyone. Hand perhaps anyone there hand baby blood responsibility. Soldier sort record military event night.'}, {'Rating': 1.6, 'Comment': 'Election often we coach building against crime. Military east cut.'}, {'Rating': 2.0, 'Comment': 'History memory girl race act media officer. Drive popular resource source.'}, {'Rating': 3.9, 'Comment': 'Child still pay you pay.'}]"
40,5,6,Cloud Computing Fundamentals,English,https://picsum.photos/790/917,570,1.5,77,126,10,2024-01-13,2024-03-02,Intermediate,Fixed,"1. Understand the basic concepts of cloud computing, including virtualization, elasticity, and resiliency.
2. Identify different types of cloud services, such as Infrastructure as a Service (IaaS), Platform as a Service (PaaS), and Software as a Service (SaaS).
3. Explore the benefits and challenges of using cloud computing for businesses and organizations.
4. Learn about common cloud computing providers and their services, such as Amazon Web Services (AWS), Microsoft Azure, and Google Cloud Platform.
5. Gain hands-on experience with cloud computing tools and technologies, such as virtual machines, containers, and serverless computing.",http://ball-stanton.info/,"[39710, 7206, 83500, 2161, 29037, 20574, 62744, 55657, 5252, 76185, 2262, 76956, 84267, 62179, 94175, 41087, 12188, 20806, 66293, 14254, 5751, 69804, 55983, 27075, 50824, 45638, 30832, 68824, 29218, 21786, 20860, 5266, 11811, 51078, 11241, 47162, 79819, 48460, 70406, 35071, 81487, 75243, 56593, 40785, 66265, 41915, 24235, 53473, 80132]",https://placekitten.com/554/751,"[{'Rating': 3.0, 'Comment': 'Kind listen get nice care weight including. Within bank design change unit participant. Line those almost consumer pay.'}, {'Rating': 2.9, 'Comment': 'Hair create yes mind activity rule. Record commercial prevent election grow pay news. Commercial growth then may.'}, {'Rating': 4.5, 'Comment': 'Best move model window present son lead make.'}, {'Rating': 3.9, 'Comment': 'Whom measure look buy page tell boy. Member number kitchen all and some physical.'}, {'Rating': 1.4, 'Comment': 'Health school wrong. Here get people almost. Night then sometimes later.'}, {'Rating': 4.9, 'Comment': 'Address least address mention interest represent share other.'}, {'Rating': 2.2, 'Comment': 'Agreement happy time clearly region. Son will paper respond within. Environmental mind interest talk for.'}]"
41,5,7,Responsive Web Design Principles,English,https://placekitten.com/449/966,448,2.6,17,255,2,2024-02-06,2024-01-21,Beginner,Percentage,"By the end of this course, students will be able to:
- Understand the principles of responsive web design and its importance in modern web development.
- Design flexible and fluid layouts that adapt to different screen sizes and devices.
- Implement media queries to create responsive designs that are accessible on various platforms.
- Optimize images and content for faster loading times and improved user experience.
- Test and troubleshoot responsive designs across different devices and browsers to ensure compatibility.",https://www.hernandez-shields.info/,"[97292, 38540, 53081, 12758, 36531, 6932, 70622, 65948, 75250, 79247, 75723, 14929, 94734, 5858, 62946, 42236, 2100, 61399, 67324, 89743, 54122, 99530, 37938, 6876, 78238, 26671, 41699, 75948, 22294, 55350, 63932, 48366, 85470, 91356, 69488, 5405, 58092, 24353, 10464, 21210, 91255, 55666, 60385, 99631, 5522, 68662, 39148]",https://picsum.photos/668/71,"[{'Rating': 4.4, 'Comment': 'See say leader traditional blue increase draw together. Themselves three age recognize catch new any. Trouble whose world idea me.'}, {'Rating': 2.6, 'Comment': 'Parent bring bag student.'}]"
42,5,7,GraphQL: Modern API for Frontend Development,English,https://placekitten.com/29/228,58,2.1,39,298,5,2024-01-27,2024-04-11,Beginner,Percentage,"Upon completion of the course ""GraphQL: Modern API for Frontend Development,"" students will be able to:
- Understand the fundamentals of GraphQL and its advantages over traditional REST APIs
- Create GraphQL schemas and queries using GraphQL syntax
- Integrate GraphQL into frontend applications using popular frameworks such as React
- Utilize advanced features of GraphQL, including mutations and subscriptions
- Implement best practices for optimizing and securing GraphQL APIs
- Troubleshoot common issues and errors that may arise when working with GraphQL.",https://www.moore.com/,"[13967, 46572, 17364, 27632, 94909, 97896, 81254, 31423, 79345, 42055, 32261, 65143, 3191, 7538, 37839, 40943, 84728, 30351, 17413, 94196, 47548, 57008, 57255, 65910, 66665, 44067, 38716, 17646, 58042, 18133, 17842, 54980, 13467, 54740, 68754, 28731, 1589, 43150, 7459, 32279, 42413, 78307, 42374, 8077, 68255, 80032]",https://picsum.photos/639/497,"[{'Rating': 1.9, 'Comment': 'Charge deal young light break. Create let behind black number north pick.'}]"
43,5,7,Microservices Architecture in Web Development,English,https://picsum.photos/255/847,903,3.2,15,10,2,2024-04-28,2024-03-02,Advanced,Percentage,"Upon completion of the course ""Microservices Architecture in Web Development,"" students will be able to:
- Understand the concept of microservices and their benefits in web development.
- Design and implement microservices architecture in web applications.
- Utilize technologies such as Docker and Kubernetes to deploy and manage microservices.
- Implement communication between microservices using APIs.
- Employ best practices for monitoring, scaling, and securing microservices in a web development environment.",https://www.ayala-silva.com/,"[64373, 1282, 1662, 6310, 82954, 43926, 50303, 44721, 96053, 5127, 14007, 83020, 57540, 6308, 31792, 38157, 75139, 79552, 52581, 49434, 22838, 77540, 68014, 40696, 37118, 53873, 45462, 84467, 40924, 56596, 7629, 58221, 31425, 60150, 74418, 59149, 52977, 40947, 16012, 14684, 93936, 75676, 78024, 41477]",https://picsum.photos/908/216,"[{'Rating': 2.0, 'Comment': 'Medical why positive. Run deep reality. Development at tonight you gas although health.'}]"
44,5,7,Docker Containers for Web Development,English,https://placekitten.com/427/904,497,2.1,19,712,6,2024-03-05,2024-03-25,Intermediate,Fixed,"By the end of this course, students will be able to:
1. Understand the basics of Docker containers and how they are used in web development.
2. Use Docker to create, run, and manage containers for web applications.
3. Implement best practices for building and deploying web applications using Docker containers.
4. Troubleshoot common issues related to Docker containers in a web development environment.",https://www.west-jones.org/,"[51790, 17427, 65138, 4645, 74525, 32486, 87630, 14296, 54260, 19087, 65695, 66233, 28003, 61919, 92603, 1564, 17452, 97426, 66091, 34517, 11868, 98378, 60303, 91501, 86260, 53840, 78913, 11883, 70729, 30733, 60181, 35072, 76017, 39573, 84516, 47620, 69799, 96460, 25566, 54242, 3431, 44160, 2391, 10463, 3568, 51488, 13187]",https://placekitten.com/659/201,"[{'Rating': 2.4, 'Comment': 'Page community fish open already carry single wear. Person blood tell cell keep health. Usually sound teacher general.'}, {'Rating': 3.4, 'Comment': 'Huge account raise whatever measure. Memory white wear nice trade must that. Arm raise suffer before sure.'}, {'Rating': 3.8, 'Comment': 'Policy law service law never. Up think picture pressure. Ground must their audience candidate region year skin.'}, {'Rating': 1.3, 'Comment': 'Ability control better write whether prevent worry oil. Must official there successful suggest between religious. According image grow theory fine program with attack.'}, {'Rating': 4.3, 'Comment': 'She mean provide now country almost.'}, {'Rating': 2.2, 'Comment': 'Score bit film successful piece wall industry. More remember no set arm for hair much. Surface people something technology factor chair spend.'}, {'Rating': 3.8, 'Comment': 'East single behavior first. Standard door response second best.'}]"
